<?xml version="1.0" encoding="UTF-8" ?>
<!DOCTYPE mapper
  PUBLIC "-//mybatis.org//DTD Mapper 3.0//EN"
  "https://mybatis.org/dtd/mybatis-3-mapper.dtd">
  
  <mapper namespace="org.sample.mapper.ProductMapper">
  
  	<insert id="insertProduct" parameterType="org.sample.domain.ProductVO">
        INSERT INTO pd_product (productid, title, description, price, condition, brand)
        VALUES (pd_product_seq.NEXTVAL, #{title}, #{description}, #{price}, #{condition}, #{brand})
    </insert>

    <select id="selectProductById" parameterType="Long" resultType="org.sample.domain.ProductVO">
        SELECT * FROM pd_product WHERE productid = #{productid}
    </select>

    <delete id="deleteProduct" parameterType="Long">
        DELETE FROM pd_product WHERE productid = #{productid}
    </delete>

    <update id="updateProduct" parameterType="org.sample.domain.ProductVO">
        UPDATE pd_product
        SET title = #{title}, description = #{description}, price = #{price},
            condition = #{condition}, brand = #{brand}
        WHERE productid = #{productid}
    </update>
  </mapper>